time,Historical,Dry,Drought,Variable,Rain Season extend a month,Rain Season shorten a month,Demand
Jan-95,1215.849722,972.6797776,607.924861,1392.945266,1094.26475,1362.829872,74079.46154
Feb-95,391.6852485,313.3481988,195.8426243,403.9478982,352.5167237,538.6653984,73654.75
Mar-95,1783.488374,1426.790699,891.7441871,2074.111649,1605.139537,1930.468524,96778.56522
Apr-95,708.6076558,566.8861246,354.3038279,784.254787,637.7468902,855.5878057,94964.52174
May-95,1175.841199,940.6729589,587.9205993,1344.935038,1058.257079,587.9205995,135653.2273
Jun-95,512.0856939,409.6685551,256.042847,548.4284327,1039.632914,512.0856939,176285.9231
Jul-95,212.0782976,169.6626381,106.0391488,188.4195572,212.0782976,212.0782976,246166.2414
Aug-95,161.1190501,128.8952401,80.55952506,127.2684601,161.1190501,161.1190501,208030.6552
Sep-95,103.356509,82.6852072,51.6782545,57.9534108,103.356509,103.356509,138451.6552
Oct-95,136.3177722,109.0542178,68.15888612,97.5069267,136.3177722,136.3177722,112330.7037
Nov-95,94.83553253,75.86842603,47.41776627,47.72823904,94.83553253,94.83553253,110299.152
Dec-95,189.7900731,151.8320585,94.89503656,161.6736877,189.7900731,189.7900731,93928.69259
Jan-96,262.8173803,210.2539042,131.4086901,249.3064563,236.5356423,345.9829338,74079.46154
Feb-96,1003.174401,802.5395205,501.5872003,1137.734881,902.8569609,1086.339954,73654.75
Mar-96,656.9700624,525.5760499,328.4850312,722.2896749,591.2730562,740.1356159,96778.56522
Apr-96,612.6712988,490.137039,306.3356494,669.1311585,551.4041689,695.8368523,94964.52174
May-96,665.3244276,532.2595421,332.6622138,732.3149131,598.7919848,332.6622138,135653.2273
Jun-96,156.392447,125.1139576,78.19622351,121.5965364,476.488204,156.392447,176285.9231
Jul-96,147.0701497,117.6561197,73.53507484,110.4097796,147.0701497,147.0701497,246166.2414
Aug-96,140.3144593,112.2515674,70.15722965,102.3029512,140.3144593,140.3144593,208030.6552
Sep-96,134.925378,107.9403024,67.46268902,95.83605366,134.925378,134.925378,138451.6552
Oct-96,138.348843,110.6790744,69.17442149,99.94421159,138.348843,138.348843,112330.7037
Nov-96,229.4058699,183.5246959,114.7029349,209.2126439,229.4058699,229.4058699,110299.152
Dec-96,1296.937841,1037.550273,648.4689206,1490.251009,1296.937841,1296.937841,93928.69259
Jan-97,2306.711238,1845.368991,1153.355619,2701.979086,2076.040114,2337.122754,74079.46154
Feb-97,731.6912508,585.3530006,365.8456254,811.9551009,658.5221257,762.1027666,73654.75
Mar-97,358.158697,286.5269576,179.0793485,363.7160364,322.3428273,388.5702128,96778.56522
Apr-97,361.4532366,289.1625893,180.7266183,367.6694839,325.3079129,391.8647524,94964.52174
May-97,243.292126,194.6337008,121.646063,225.8761512,218.9629134,121.646063,135653.2273
Jun-97,155.1428625,124.11429,77.57143124,120.097035,555.2735173,155.1428625,176285.9231
Jul-97,114.2516961,91.40135687,57.12584804,71.0276353,114.2516961,114.2516961,246166.2414
Aug-97,130.3653862,104.292309,65.18269311,90.36406346,130.3653862,130.3653862,208030.6552
Sep-97,111.3657508,89.09260068,55.68287542,67.56450101,111.3657508,111.3657508,138451.6552
Oct-97,157.707486,126.1659888,78.85374299,123.1745832,157.707486,157.707486,112330.7037
Nov-97,204.3566586,163.4853269,102.1783293,179.1535903,204.3566586,204.3566586,110299.152
Dec-97,278.5244596,222.8195676,139.2622298,268.1549515,278.5244596,278.5244596,93928.69259
Jan-98,768.2981273,614.6385019,384.1490637,855.8833528,691.4683146,809.9202015,74079.46154
Feb-98,1012.217029,809.7736233,506.1085145,1148.586035,910.9953261,1053.839103,73654.75
Mar-98,889.5375795,711.6300636,444.7687897,1001.370695,800.5838216,931.1596537,96778.56522
Apr-98,724.1917601,579.3534081,362.09588,802.9557121,651.7725841,765.8138343,94964.52174
May-98,332.9765934,266.3812747,166.4882967,333.4975121,299.6789341,166.4882967,135653.2273
Jun-98,808.3562374,646.6849899,404.1781187,903.9530848,1181.078346,808.3562374,176285.9231
Jul-98,329.6245333,263.6996266,164.8122666,329.4750399,329.6245333,329.6245333,246166.2414
Aug-98,234.1344565,187.3075652,117.0672282,214.8869478,234.1344565,234.1344565,208030.6552
Sep-98,173.9024983,139.1219986,86.95124914,142.6085979,173.9024983,173.9024983,138451.6552
Oct-98,152.8678252,122.2942602,76.43391262,117.3669903,152.8678252,152.8678252,112330.7037
Nov-98,333.6192369,266.8953895,166.8096184,334.2686842,333.6192369,333.6192369,110299.152
Dec-98,467.7690791,374.2152633,233.8845396,495.2484949,467.7690791,467.7690791,93928.69259
Jan-99,486.9730116,389.5784093,243.4865058,518.293214,438.2757104,551.8916556,74079.46154
Feb-99,934.4750196,747.5800157,467.2375098,1055.295624,841.0275176,999.3936636,73654.75
Mar-99,701.8598993,561.4879194,350.9299496,776.1574791,631.6739094,766.7785433,96778.56522
Apr-99,488.1829268,390.5463415,244.0914634,519.7451122,439.3646341,553.1015708,94964.52174
May-99,519.349152,415.4793216,259.674576,557.1445824,467.4142368,259.674576,135653.2273
Jun-99,270.5231516,216.4185213,135.2615758,258.5533819,583.6071525,270.5231516,176285.9231
Jul-99,178.0538958,142.4431166,89.0269479,147.590275,178.0538958,178.0538958,246166.2414
Aug-99,181.6320712,145.305657,90.8160356,151.8840855,181.6320712,181.6320712,208030.6552
Sep-99,103.1462614,82.51700915,51.57313072,57.70111373,103.1462614,103.1462614,138451.6552
Oct-99,137.3471919,109.8777535,68.67359594,98.74223027,137.3471919,137.3471919,112330.7037
Nov-99,204.7414513,163.793161,102.3707256,179.6153415,204.7414513,204.7414513,110299.152
Dec-99,172.6092775,138.087422,86.30463873,141.056733,172.6092775,172.6092775,93928.69259
Jan-00,346.4145858,277.1316687,173.2072929,349.623103,311.7731272,397.9125927,74079.46154
Feb-00,827.1773607,661.7418885,413.5886803,926.5384328,744.4596246,878.6753676,73654.75
Mar-00,671.5902015,537.2721612,335.7951007,739.8338418,604.4311814,723.0882084,96778.56522
Apr-00,542.9266304,434.3413043,271.4633152,585.4375565,488.6339674,594.4246373,94964.52174
May-00,411.9840551,329.5872441,205.9920276,428.3064661,370.7856496,205.9920276,135653.2273
Jun-00,203.1050906,162.4840725,101.5525453,177.6517087,483.114374,203.1050906,176285.9231
Jul-00,177.4132358,141.9305886,88.7066179,146.821483,177.4132358,177.4132358,246166.2414
Aug-00,153.8615425,123.089234,76.93077123,118.559451,153.8615425,153.8615425,208030.6552
Sep-00,140.822227,112.6577816,70.41111349,102.9122724,140.822227,140.822227,138451.6552
Oct-00,206.4432664,165.1546131,103.2216332,181.6575197,206.4432664,206.4432664,112330.7037
Nov-00,212.5483794,170.0387036,106.2741897,188.9836553,212.5483794,212.5483794,110299.152
Dec-00,203.3153381,162.6522705,101.6576691,177.9040058,203.3153381,203.3153381,93928.69259
Jan-01,159.3954168,127.5163335,79.69770842,125.2001002,143.4558751,187.0578466,74079.46154
Feb-01,182.8697549,146.295804,91.43487747,153.3693059,164.5827794,210.5321847,73654.75
Mar-01,299.6483886,239.7187109,149.8241943,293.5036664,269.6835497,327.3108184,96778.56522
Apr-01,235.8541228,188.6832982,117.9270614,216.9505474,212.2687105,263.5165526,94964.52174
May-01,221.2994381,177.0395505,110.6497191,199.4849258,199.1694943,110.6497191,135653.2273
Jun-01,92.29669411,73.83735529,46.14834705,44.68163293,202.2034062,92.29669411,176285.9231
Jul-01,93.5066093,74.80528744,46.75330465,46.13353115,93.5066093,93.5066093,246166.2414
Aug-01,81.40349049,65.12279239,40.70174524,31.60978859,81.40349049,81.40349049,208030.6552
Sep-01,67.10864007,53.68691206,33.55432004,14.45596809,67.10864007,67.10864007,138451.6552
Oct-01,137.279754,109.8238032,68.639877,98.66130479,137.279754,137.279754,112330.7037
Nov-01,128.883736,103.1069888,64.44186799,88.58608318,128.883736,128.883736,110299.152
Dec-01,308.788207,247.0305656,154.3941035,304.4714484,308.788207,308.788207,93928.69259
Jan-02,406.3212553,325.0570043,203.1606277,421.5111064,365.6891298,436.1910365,74079.46154
Feb-02,245.0851806,196.0681445,122.5425903,228.0278168,220.5766625,274.9549618,73654.75
Mar-02,356.1871303,284.9497042,178.0935652,361.3501564,320.5684173,386.0569115,96778.56522
Apr-02,367.6476056,294.1180845,183.8238028,375.1027268,330.882845,397.5173868,94964.52174
May-02,238.9582495,191.1665996,119.4791247,220.6754994,215.0624246,119.4791248,135653.2273
Jun-02,96.04544772,76.83635818,48.02272386,49.18013727,257.4653899,96.04544772,176285.9231
Jul-02,83.67257733,66.93806186,41.83628867,34.3326928,83.67257733,83.67257733,246166.2414
Aug-02,98.04478298,78.43582638,49.02239149,51.57933958,98.04478298,98.04478298,208030.6552
Sep-02,126.6503516,101.3202812,63.32517578,85.90602187,126.6503516,126.6503516,138451.6552
Oct-02,115.8642552,92.69140414,57.93212759,72.96270622,115.8642552,115.8642552,112330.7037
Nov-02,145.7927966,116.6342373,72.8963983,108.8769559,145.7927966,145.7927966,110299.152
Dec-02,568.749394,454.9995152,284.374697,616.4248728,568.749394,568.749394,93928.69259
Jan-03,646.3208253,517.0566602,323.1604126,709.5105903,581.6887428,731.6062097,74079.46154
Feb-03,377.3606461,301.8885169,188.680323,386.7583753,339.6245815,462.6460305,73654.75
Mar-03,449.3069634,359.4455707,224.6534817,473.0939561,404.3762671,534.5923478,96778.56522
Apr-03,497.5191084,398.0152868,248.7595542,530.9485301,447.7671976,582.8044928,94964.52174
May-03,682.2830749,545.8264599,341.1415374,752.6652898,614.0547674,341.1415375,135653.2273
Jun-03,310.7002697,248.5602157,155.3501348,306.7659236,575.9793315,310.7002697,176285.9231
Jul-03,156.0076543,124.8061235,78.00382716,121.1347852,156.0076543,156.0076543,246166.2414
Aug-03,142.9663554,114.3730843,71.48317769,105.4852264,142.9663554,142.9663554,208030.6552
Sep-03,138.5511567,110.8409253,69.27557834,100.186988,138.5511567,138.5511567,138451.6552
Oct-03,122.6159786,98.0927829,61.30798931,81.06477434,122.6159786,122.6159786,112330.7037
Nov-03,145.6281688,116.502535,72.81408439,108.6794025,145.6281688,145.6281688,110299.152
Dec-03,382.650554,306.1204432,191.325277,393.1062648,382.650554,382.650554,93928.69259
Jan-04,380.0184926,304.014794,190.0092463,389.9477911,342.0166433,414.2315718,74079.46154
Feb-04,682.9296853,546.3437482,341.4648426,753.4412223,614.6367168,717.1427645,73654.75
Mar-04,587.8640705,470.2912564,293.9320353,639.3624846,529.0776635,622.0771497,96778.56522
Apr-04,398.7047401,318.9637921,199.35237,412.3712881,358.8342661,432.9178193,94964.52174
May-04,273.7046335,218.9637068,136.8523167,262.3711602,246.3341702,136.8523168,135653.2273
Jun-04,136.452648,109.1621184,68.22632402,97.66877765,368.7748102,136.452648,176285.9231
Jul-04,131.1786079,104.9428863,65.58930395,91.33992948,131.1786079,131.1786079,246166.2414
Aug-04,149.4046909,119.5237528,74.70234547,113.2112291,149.4046909,149.4046909,208030.6552
Sep-04,114.0414485,91.23315882,57.02072426,70.77533824,114.0414485,114.0414485,138451.6552
Oct-04,132.3726553,105.8981243,66.18632767,92.77278642,132.3726553,132.3726553,112330.7037
Nov-04,149.8747727,119.8998182,74.93738637,113.7753273,149.8747727,149.8747727,110299.152
Dec-04,240.0194046,192.0155237,120.0097023,221.9488855,240.0194046,240.0194046,93928.69259
Jan-05,301.4255755,241.1404604,150.7127878,295.6362907,271.283018,411.4708329,74079.46154
Feb-05,282.3942047,225.9153638,141.1971023,272.7986456,254.1547842,392.4394621,73654.75
Mar-05,538.8942409,431.1153927,269.4471205,580.5986891,485.0048168,648.9394983,96778.56522
Apr-05,458.1333939,366.5067151,229.0666969,483.6856727,412.3200545,568.1786513,94964.52174
May-05,880.3620588,704.289647,440.1810294,990.3600705,792.3258529,440.1810294,135653.2273
Jun-05,336.4020418,269.1216334,168.2010209,337.6080502,582.5229892,336.4020418,176285.9231
Jul-05,187.4892508,149.9914006,93.7446254,158.912701,187.4892508,187.4892508,246166.2414
Aug-05,183.0125646,146.4100517,91.5062823,153.5406775,183.0125646,183.0125646,208030.6552
Sep-05,159.6493007,127.7194405,79.82465034,125.5047608,159.6493007,159.6493007,138451.6552
Oct-05,128.3581171,102.6864937,64.17905854,87.95534051,128.3581171,128.3581171,112330.7037
Nov-05,135.3815756,108.3052605,67.69078779,96.38349069,135.3815756,135.3815756,110299.152
Dec-05,1150.573806,920.4590447,575.286903,1314.614167,1150.573806,1150.573806,93928.69259
Jan-06,1001.522172,801.2177378,500.7610861,1135.752207,901.3699548,1142.677126,74079.46154
Feb-06,671.9095397,537.5276318,335.9547699,740.2170477,604.7185857,813.0644933,73654.75
Mar-06,1096.413242,877.1305935,548.2066209,1249.62149,986.7719178,1237.568196,96778.56522
Apr-06,1591.859627,1273.487701,795.9298134,1844.157152,1432.673664,1733.014581,94964.52174
May-06,1129.239629,903.3917034,564.6198146,1289.013155,1016.315666,564.6198145,135653.2273
Jun-06,408.4276978,326.7421583,204.2138489,424.0388374,957.5221188,408.4276978,176285.9231
Jul-06,191.9917221,153.5933777,95.99586103,164.3156665,191.9917221,191.9917221,246166.2414
Aug-06,174.22382,139.379056,87.11191001,142.994184,174.22382,174.22382,208030.6552
Sep-06,135.3696748,108.2957398,67.68483739,96.36920973,135.3696748,135.3696748,138451.6552
Oct-06,158.5147573,126.8118058,79.25737863,124.1433087,158.5147573,158.5147573,112330.7037
Nov-06,190.0280892,152.0224714,95.01404461,161.9593071,190.0280892,190.0280892,110299.152
Dec-06,315.6589385,252.5271508,157.8294692,312.7163262,315.6589385,315.6589385,93928.69259
Jan-07,183.7365302,146.9892242,91.86826512,154.4094363,165.3628772,204.5475673,74079.46154
Feb-07,378.4118839,302.7295071,189.2059419,388.0198606,340.5706955,399.222921,73654.75
Mar-07,341.672115,273.337692,170.8360575,343.932138,307.5049035,362.4831521,96778.56522
Apr-07,212.6197843,170.0958274,106.3098921,189.0693411,191.3578059,233.4308214,94964.52174
May-07,166.4882967,133.1906374,83.24414835,133.711556,149.839467,83.24414835,135653.2273
Jun-07,88.09174297,70.47339437,44.04587148,39.63569156,216.384604,88.09174297,176285.9231
Jul-07,110.2728602,88.21828819,55.13643012,66.25303229,110.2728602,110.2728602,246166.2414
Aug-07,107.5793113,86.06344908,53.78965567,63.02077362,107.5793113,107.5793113,208030.6552
Sep-07,78.10101707,62.48081365,39.05050853,27.64682048,78.10101707,78.10101707,138451.6552
Oct-07,116.3621055,93.08968442,58.18105276,73.56012663,116.3621055,116.3621055,112330.7037
Nov-07,111.9270722,89.54165772,55.96353608,68.23808658,111.9270722,111.9270722,110299.152
Dec-07,131.6070369,105.2856295,65.80351844,91.85404426,131.6070369,131.6070369,93928.69259
Jan-08,188.6912321,150.9529857,94.34561606,160.3550785,169.8221089,226.4024042,74079.46154
Feb-08,198.3031157,158.6424926,99.15155786,171.8893389,178.4728041,236.0142878,73654.75
Mar-08,280.2302416,224.1841933,140.1151208,270.20189,252.2072174,317.9414137,96778.56522
Apr-08,250.7678151,200.6142521,125.3839075,234.8469781,225.6910336,288.4789872,94964.52174
May-08,301.6893767,241.3515014,150.8446884,295.9528521,271.520439,150.8446884,135653.2273
Jun-08,86.08447384,68.86757907,43.04223692,37.2269686,208.052652,86.08447384,176285.9231
Jul-08,61.80484792,49.44387834,30.90242396,8.091417508,61.80484792,61.80484792,246166.2414
Aug-08,93.6831379,74.94651032,46.84156895,46.34536549,93.6831379,93.6831379,208030.6552
Sep-08,123.355812,98.6846496,61.677906,81.9525744,123.355812,123.355812,138451.6552
Oct-08,84.3767083,67.50136664,42.18835415,35.17764996,84.3767083,84.3767083,112330.7037
Nov-08,119.079456,95.26356482,59.53972802,76.82094724,119.079456,119.079456,110299.152
Dec-08,106.6808006,85.34464045,53.34040028,61.94256068,106.6808006,106.6808006,93928.69259
Jan-09,131.0853849,104.8683079,65.54269246,91.22806192,117.9768464,192.6358531,74079.46154
Feb-09,383.7771635,307.0217308,191.8885818,394.4581962,345.3994472,445.3276317,73654.75
Mar-09,646.6322297,517.3057837,323.3161148,709.8842756,581.9690067,708.1826979,96778.56522
Apr-09,333.2066756,266.5653405,166.6033378,333.7736107,299.886008,394.7571438,94964.52174
May-09,492.4037457,393.9229966,246.2018729,524.8100949,443.1633711,246.2018729,135653.2273
Jun-09,127.5905152,102.0724121,63.79525758,87.03421819,326.3010351,127.5905152,176285.9231
Jul-09,123.6235801,98.8988641,61.81179006,82.27389614,123.6235801,123.6235801,246166.2414
Aug-09,136.1967807,108.9574246,68.09839036,97.36173687,136.1967807,136.1967807,208030.6552
Sep-09,107.7360053,86.18880423,53.86800264,63.20880634,107.7360053,107.7360053,138451.6552
Oct-09,139.1957836,111.3566269,69.59789181,100.9605403,139.1957836,139.1957836,112330.7037
Nov-09,88.67289895,70.93831916,44.33644947,40.33307874,88.67289895,88.67289895,110299.152
Dec-09,133.3148024,106.6518419,66.65740121,93.90336291,133.3148024,133.3148024,93928.69259
Jan-10,270.1859621,216.1487697,135.0929811,258.1487545,243.1673659,338.5186496,74079.46154
Feb-10,264.3386999,211.4709599,132.1693499,251.1320398,237.9048299,332.6713874,73654.75
Mar-10,352.906475,282.32518,176.4532375,357.41337,317.6158275,421.2391625,96778.56522
Apr-10,502.4420748,401.9536599,251.2210374,536.8560898,452.1978673,570.7747623,94964.52174
May-10,546.6614997,437.3291998,273.3307499,589.9193997,491.9953497,273.3307499,135653.2273
Jun-10,439.7645012,351.811601,219.8822506,461.6430014,633.4179724,439.7645012,176285.9231
Jul-10,225.7463723,180.5970979,112.8731862,204.8212468,225.7463723,225.7463723,246166.2414
Aug-10,175.1342316,140.1073853,87.56711581,144.0866779,175.1342316,175.1342316,208030.6552
Sep-10,157.5765771,126.0612617,78.78828856,123.0174926,157.5765771,157.5765771,138451.6552
Oct-10,172.4724182,137.9779346,86.2362091,140.8925018,172.4724182,172.4724182,112330.7037
Nov-10,177.9110861,142.3288689,88.95554307,147.4189034,177.9110861,177.9110861,110299.152
Dec-10,691.7323141,553.3858513,345.8661571,764.004377,691.7323141,691.7323141,93928.69259
Jan-11,404.4508455,323.5606764,202.2254227,419.2666146,364.005761,522.1324528,74079.46154
Feb-11,313.1518355,250.5214684,156.5759178,309.7078026,281.836652,430.8334428,73654.75
Mar-11,1043.222593,834.5780747,521.6112967,1185.792712,938.9003337,1160.9042,96778.56522
Apr-11,1069.382546,855.5060372,534.6912732,1217.184656,962.4442914,1187.064153,94964.52174
May-11,941.4528584,753.1622867,470.7264292,1063.66903,847.3075726,470.7264292,135653.2273
Jun-11,760.4991331,608.3993064,380.2495665,846.5245597,1137.665201,760.4991331,176285.9231
Jul-11,350.0403645,280.0322916,175.0201822,353.9740374,350.0403645,350.0403645,246166.2414
Aug-11,161.8291315,129.4633052,80.91456574,128.1205578,161.8291315,161.8291315,208030.6552
Sep-11,142.5002405,114.0001924,71.25012025,104.9258886,142.5002405,142.5002405,138451.6552
Oct-11,167.8449885,134.2759908,83.92249424,135.3395862,167.8449885,167.8449885,112330.7037
Nov-11,166.8016846,133.4413476,83.40084228,134.0876215,166.8016846,166.8016846,110299.152
Dec-11,140.1557819,112.1246255,70.07789095,102.1125383,140.1557819,140.1557819,93928.69259
Jan-12,161.4760743,129.1808594,80.73803714,127.6968891,145.3284669,203.8141803,74079.46154
Feb-12,124.7997764,99.83982109,62.39988818,83.68533163,112.3197988,167.1378824,73654.75
Mar-12,545.8046418,436.6437134,272.9023209,588.8911701,491.2241776,588.1427478,96778.56522
Apr-12,564.8102275,451.848182,282.4051138,611.697873,508.3292048,607.1483335,94964.52174
May-12,338.7048476,270.9638781,169.3524238,340.3714171,304.8343628,169.3524238,135653.2273
Jun-12,132.9081916,106.3265533,66.45409579,93.4154299,306.4677484,132.9081916,176285.9231
Jul-12,142.468505,113.974804,71.23425251,104.887806,142.468505,142.468505,246166.2414
Aug-12,67.52715172,54.02172137,33.76357586,14.95818206,67.52715172,67.52715172,208030.6552
Sep-12,69.55623899,55.64499119,34.7781195,17.39308679,69.55623899,69.55623899,138451.6552
Oct-12,117.0959885,93.67679081,58.54799426,74.44078621,117.0959885,117.0959885,112330.7037
Nov-12,270.9000104,216.7200083,135.4500052,259.0056125,270.9000104,270.9000104,110299.152
Dec-12,817.4682872,653.9746297,408.7341436,914.8875446,817.4682872,817.4682872,93928.69259
Jan-13,293.4441022,234.7552818,146.7220511,286.0585227,264.099692,311.9513418,74079.46154
Feb-13,230.7149585,184.5719668,115.3574792,210.7835502,207.6434627,249.2221981,73654.75
Mar-13,311.5551442,249.2441153,155.7775721,307.791773,280.3996298,330.0623838,96778.56522
Apr-13,270.1700944,216.1360755,135.0850472,258.1297132,243.153085,288.677334,94964.52174
May-13,148.0579165,118.4463332,74.02895825,111.5950998,133.2521249,74.02895825,135653.2273
Jun-13,109.4437708,87.55501665,54.72188541,65.25812498,234.8379924,109.4437708,176285.9231
Jul-13,87.52447126,70.019577,43.76223563,38.95496551,87.52447126,87.52447126,246166.2414
Aug-13,83.45241244,66.76192995,41.72620622,34.06849492,83.45241244,83.45241244,208030.6552
Sep-13,64.28021539,51.42417231,32.14010769,11.06185847,64.28021539,64.28021539,138451.6552
Oct-13,87.30628983,69.84503186,43.65314491,38.69314779,87.30628983,87.30628983,112330.7037
Nov-13,63.34798565,50.67838852,31.67399283,9.943182785,63.34798565,63.34798565,110299.152
Dec-13,58.26832534,46.61466027,29.13416267,3.847590402,58.26832534,58.26832534,93928.69259
Jan-14,77.62498486,62.09998789,38.81249243,27.07558184,69.86248637,88.7896756,74079.46154
Feb-14,186.5173517,149.2138814,93.25867586,157.7464221,167.8656165,197.6820424,73654.75
Mar-14,350.9587099,280.7669679,175.479355,355.0760519,315.8628389,362.1234006,96778.56522
Apr-14,216.2396125,172.99169,108.1198062,193.413135,194.6156513,227.4043032,94964.52174
May-14,89.31752589,71.45402071,44.65876295,41.10663107,80.3857733,44.65876295,135653.2273
Jun-14,76.95655631,61.56524505,38.47827815,26.27346757,169.0223748,76.95655631,176285.9231
Jul-14,80.50299623,64.40239699,40.25149812,30.52919548,80.50299623,80.50299623,246166.2414
Aug-14,61.03129559,48.82503647,30.5156478,7.163154708,61.03129559,61.03129559,208030.6552
Sep-14,93.66330323,74.93064258,46.83165161,46.32156388,93.66330323,93.66330323,138451.6552
Oct-14,51.96684902,41.57347922,25.98342451,-3.714181171,51.96684902,51.96684902,112330.7037
Nov-14,55.77510666,44.62008533,27.88755333,0.855727995,55.77510666,55.77510666,110299.152
Dec-14,465.8371817,372.6697454,232.9185909,492.9302181,465.8371817,465.8371817,93928.69259
Jan-15,135.3319889,108.2655911,67.66599444,96.32398667,121.79879,141.6892502,74079.46154
Feb-15,329.1941208,263.3552967,164.5970604,328.958545,296.2747087,335.5513821,73654.75
Mar-15,115.7412802,92.59302416,57.8706401,72.81513623,104.1671522,122.0985415,96778.56522
Apr-15,78.11291787,62.4903343,39.05645894,27.66110145,70.30162608,84.47017921,94964.52174
May-15,50.85809068,40.68647254,25.42904534,-5.044691184,45.77228161,25.42904534,135653.2273
Jun-15,65.36913906,52.29531125,32.68456953,12.36856687,136.2929789,65.36913906,176285.9231
Jul-15,62.37807004,49.90245603,31.18903502,8.779284044,62.37807004,62.37807004,246166.2414
Aug-15,83.24018141,66.59214513,41.62009071,33.81381769,83.24018141,83.24018141,208030.6552
Sep-15,85.38232633,68.30586107,42.69116317,36.3843916,85.38232633,85.38232633,138451.6552
Oct-15,90.43620157,72.34896126,45.21810079,42.44904189,90.43620157,90.43620157,112330.7037
Nov-15,34.24258327,27.39406661,17.12129163,-24.98330008,34.24258327,34.24258327,110299.152
Dec-15,165.127638,132.1021104,82.56381899,132.0787656,165.127638,165.127638,93928.69259
Jan-16,542.2185325,433.774826,271.1092662,584.587839,487.9966793,572.7728579,74079.46154
Feb-16,358.3986966,286.7189573,179.1993483,364.0040359,322.5588269,388.953022,73654.75
Mar-16,1300.66081,1040.528648,650.3304049,1494.718572,1170.594729,1331.215135,96778.56522
Apr-16,428.1076626,342.4861301,214.0538313,447.6547951,385.2968963,458.661988,94964.52174
May-16,244.4346033,195.5476826,122.2173016,227.247124,219.991143,122.2173017,135653.2273
Jun-16,108.8864164,87.10913316,54.44320822,64.58929973,396.2684469,108.8864164,176285.9231
Jul-16,102.3310563,81.86484503,51.16552815,56.72286755,102.3310563,102.3310563,246166.2414
Aug-16,71.72615246,57.38092197,35.86307623,19.99698295,71.72615246,71.72615246,208030.6552
Sep-16,87.56810754,70.05448603,43.78405377,39.00732905,87.56810754,87.56810754,138451.6552
Oct-16,164.0049954,131.2039963,82.00249768,130.7315944,164.0049954,164.0049954,112330.7037
Nov-16,142.9326364,114.3461091,71.46631821,105.4447637,142.9326364,142.9326364,110299.152
Dec-16,650.5575119,520.4460095,325.2787559,714.5946143,650.5575119,650.5575119,93928.69259
Jan-17,1457.678049,1166.142439,728.8390245,1683.139259,1311.910244,1566.244631,74079.46154
Feb-17,2686.876507,2149.501206,1343.438254,3158.177409,2418.188856,2795.443089,73654.75
Mar-17,1227.768378,982.2147027,613.8841892,1407.247654,1104.99154,1336.33496,96778.56522
Apr-17,1467.05985,1173.64788,733.5299252,1694.39742,1320.353865,1575.626432,94964.52174
May-17,868.5326585,694.8261268,434.2663292,976.1647902,781.6793927,434.2663293,135653.2273
Jun-17,310.4602701,248.3682161,155.2301351,306.4779241,1081.251814,310.4602701,176285.9231
Jul-17,186.4915666,149.1932533,93.24578332,157.71548,186.4915666,186.4915666,246166.2414
Aug-17,154.6588964,123.7271171,77.3294482,119.5162757,154.6588964,154.6588964,208030.6552
Sep-17,96.05139812,76.8411185,48.02569906,49.18727775,96.05139812,96.05139812,138451.6552
Oct-17,130.2503451,104.2002761,65.12517255,90.22601412,130.2503451,130.2503451,112330.7037
Nov-17,267.2226616,213.7781293,133.6113308,254.592794,267.2226616,267.2226616,110299.152
Dec-17,156.4955873,125.1964699,78.24779366,121.7203048,156.4955873,156.4955873,93928.69259
Jan-18,307.3343253,245.8674602,153.6671626,302.7267903,276.6008928,333.5056834,74079.46154
Feb-18,144.971641,115.9773128,72.48582052,107.8915692,130.4744769,171.1429991,73654.75
Mar-18,722.9163905,578.3331124,361.4581952,801.4252686,650.6247515,749.0877486,96778.56522
Apr-18,640.7651327,512.6121062,320.3825664,702.8437593,576.6886194,666.9364908,94964.52174
May-18,209.3708645,167.4966916,104.6854322,185.1706374,188.4337781,104.6854323,135653.2273
Jun-18,127.9455558,102.3564447,63.97277792,87.46026701,330.4813912,127.9455558,176285.9231
Jul-18,100.2861013,80.22888102,50.14305064,54.26892153,100.2861013,100.2861013,246166.2414
Aug-18,131.327368,105.0618944,65.66368398,91.51844156,131.327368,131.327368,208030.6552
Sep-18,133.521083,106.8168664,66.76054152,94.15089965,133.521083,133.521083,138451.6552
Oct-18,47.54173299,38.03338639,23.77086649,0,47.54173299,47.54173299,112330.7037
Nov-18,61.18203912,48.9456313,30.59101956,7.344046946,61.18203912,61.18203912,110299.152
Dec-18,149.3253522,119.4602818,74.66267612,113.1160227,149.3253522,149.3253522,93928.69259
Jan-19,484.5769829,387.6615863,242.2884914,515.4179795,436.1192846,586.707461,74079.46154
Feb-19,837.9277546,670.3422037,418.9638773,939.4389056,754.1349791,940.0582327,73654.75
Mar-19,1124.51501,899.6120077,562.2575048,1283.343612,1012.063509,1226.645488,96778.56522
Apr-19,1252.764036,1002.211229,626.382018,1437.242443,1127.487632,1354.894514,94964.52174
May-19,817.0438251,653.6350601,408.5219126,914.3781901,735.3394426,408.5219126,135653.2273
Jun-19,438.5030159,350.8024127,219.2515079,460.129219,890.1857768,438.5030159,176285.9231
Jul-19,181.9613268,145.5690615,90.98066341,152.2791922,181.9613268,181.9613268,246166.2414
Aug-19,159.0859959,127.2687967,79.54299795,124.8287951,159.0859959,159.0859959,208030.6552
Sep-19,137.1091758,109.6873406,68.55458789,98.45661095,137.1091758,137.1091758,138451.6552
Oct-19,133.6837274,106.9469819,66.84186369,94.34607286,133.6837274,133.6837274,112330.7037
Nov-19,115.5885532,92.47084256,57.7942766,72.63186383,115.5885532,115.5885532,110299.152
Dec-19,337.7845187,270.2276149,168.8922593,339.2670224,337.7845187,337.7845187,93928.69259
Jan-20,264.3644849,211.4915879,132.1822425,251.1629819,237.9280364,292.9953427,74079.46154
Feb-20,147.2903146,117.8322517,73.64515728,110.6739775,132.5612831,175.9211724,73654.75
Mar-20,140.9590862,112.767269,70.47954312,103.0765035,126.8631776,169.589944,96778.56522
Apr-20,312.1620852,249.7296682,156.0810426,308.5201023,280.9458767,340.792943,94964.52174
May-20,229.0468623,183.2374898,114.5234311,208.7818347,206.1421761,114.5234312,135653.2273
Jun-20,121.281105,97.02488398,60.64055249,79.46292597,230.6633883,121.281105,176285.9231
Jul-20,104.7449363,83.79594901,52.37246813,59.61952352,104.7449363,104.7449363,246166.2414
Aug-20,113.3333506,90.6666805,56.66667531,69.92562075,113.3333506,113.3333506,208030.6552
Sep-20,110.6477356,88.51818848,55.3238678,66.70288272,110.6477356,110.6477356,138451.6552
Oct-20,95.78759694,76.63007755,47.89379847,48.87071633,95.78759694,95.78759694,112330.7037
Nov-20,61.9099717,49.52797736,30.95498585,8.217566042,61.9099717,61.9099717,110299.152
Dec-20,71.6626815,57.3301452,35.83134075,19.9208178,71.6626815,71.6626815,93928.69259
Jan-21,98.41370794,78.73096635,49.20685397,52.02204953,88.57233715,111.6045108,74079.46154
Feb-21,167.4125926,133.930074,83.70629628,134.8207111,150.6713333,180.6033954,73654.75
Mar-21,159.0264919,127.2211935,79.51324594,124.7573903,143.1238427,172.2172947,96778.56522
Apr-21,160.7659929,128.6127943,80.38299645,126.8447915,144.6893936,173.9567957,94964.52174
May-21,105.5264225,84.42113797,52.76321123,60.55730696,94.97378025,52.76321125,135653.2273
Jun-21,70.11359336,56.09087469,35.05679668,18.06191204,139.2281141,70.11359336,176285.9231
Jul-21,85.40414448,68.32331558,42.70207224,36.41057337,85.40414448,85.40414448,246166.2414
Aug-21,74.29077596,59.43262077,37.14538798,23.07453115,74.29077596,74.29077596,208030.6552
Sep-21,83.71819708,66.97455767,41.85909854,34.3874365,83.71819708,83.71819708,138451.6552
Oct-21,306.1700299,244.9360239,153.0850149,301.3296358,306.1700299,306.1700299,112330.7037
Nov-21,155.1646806,124.1317445,77.58234031,120.1232167,155.1646806,155.1646806,110299.152
Dec-21,338.3180714,270.6544571,169.1590357,339.9072857,338.3180714,338.3180714,93928.69259
Jan-22,326.0304901,260.8243921,163.0152451,325.1621882,293.4274411,353.7603578,74079.46154
Feb-22,198.1821242,158.5456994,99.0910621,171.744149,178.3639118,225.9119919,73654.75
Mar-22,234.2455306,187.3964245,117.1227653,215.0202368,210.8209775,261.9753983,96778.56522
Apr-22,339.228483,271.3827864,169.6142415,340.9997796,305.3056347,366.9583507,94964.52174
May-22,221.8389413,177.471153,110.9194707,200.1323296,199.6550472,110.9194707,135653.2273
Jun-22,132.0473667,105.6378933,66.02368334,92.38244001,263.9999236,132.0473667,176285.9231
Jul-22,139.1680151,111.3344121,69.58400754,100.9272181,139.1680151,139.1680151,246166.2414
Aug-22,139.0172715,111.2138172,69.50863577,100.7463259,139.0172715,139.0172715,208030.6552
Sep-22,124.6529998,99.72239981,62.32649988,83.50919971,124.6529998,124.6529998,138451.6552
Oct-22,78.4957271,62.79658168,39.24786355,28.12047252,78.4957271,78.4957271,112330.7037
Nov-22,92.03289293,73.62631434,46.01644646,44.36507151,92.03289293,92.03289293,110299.152
Dec-22,371.0512359,296.8409887,185.525618,379.1870831,371.0512359,371.0512359,93928.69259
Jan-23,1057.446039,845.9568312,528.7230195,1202.860847,951.7014351,1189.454976,74079.46154
Feb-23,320.6533097,256.5226477,160.3266548,318.7095716,288.5879787,452.6622467,73654.75
Mar-23,1214.009064,971.2072513,607.0045321,1390.736477,1092.608158,1346.018001,96778.56522
Apr-23,1087.927968,870.3423742,543.9639839,1239.439161,979.1351712,1219.936905,94964.52174
May-23,1056.071496,844.8571968,528.035748,1201.211395,950.4643464,528.035748,135653.2273
Jun-23,466.6861058,373.3488847,233.3430529,493.948927,940.2968935,466.6861058,176285.9231
Jul-23,203.2419498,162.5935599,101.6209749,177.8159398,203.2419498,203.2419498,246166.2414
Aug-23,166.226479,132.9811832,83.11323949,133.3973748,166.226479,166.226479,208030.6552
Sep-23,198.134521,158.5076168,99.06726049,171.6870252,198.134521,198.134521,138451.6552
Oct-23,91.69570345,73.35656276,45.84785172,43.96044414,91.69570345,91.69570345,112330.7037
Nov-23,122.3878799,97.91030388,61.19393993,80.79105582,122.3878799,122.3878799,110299.152
Dec-23,257.2815224,205.8252179,128.6407612,242.6634269,257.2815224,257.2815224,93928.69259
,,,,,,,
,,,,,,,
,,,,,,,
,,,,,,,
,,,,,,,
,,,,,,,
,,,,,,,
,,,,,,,
,,,,,,,
,,,,,,,
,,,,,,,
,,,,,,,
,,,,,,,
,,,,,,,
,,,,,,,
,,,,,,,
,,,,,,,
,,,,,,,
,,,,,,,
,,,,,,,
,,,,,,,
,,,,,,,
,,,,,,,
,,,,,,,
,,,,,,,
,,,,,,,
,,,,,,,
,,,,,,,
,,,,,,,
,,,,,,,
,,,,,,,
,,,,,,,
,,,,,,,
,,,,,,,
,,,,,,,
,,,,,,,
,,,,,,,
,,,,,,,
,,,,,,,
,,,,,,,
,,,,,,,
,,,,,,,
,,,,,,,
,,,,,,,
,,,,,,,
,,,,,,,
,,,,,,,
,,,,,,,
,,,,,,,
,,,,,,,
,,,,,,,
,,,,,,,
,,,,,,,
,,,,,,,
,,,,,,,
,,,,,,,
,,,,,,,
,,,,,,,
,,,,,,,
,,,,,,,
,,,,,,,
,,,,,,,
,,,,,,,
,,,,,,,
,,,,,,,
,,,,,,,
,,,,,,,
,,,,,,,
,,,,,,,
,,,,,,,
,,,,,,,
,,,,,,,
,,,,,,,
,,,,,,,
,,,,,,,
,,,,,,,
,,,,,,,
,,,,,,,
,,,,,,,
,,,,,,,
,,,,,,,
,,,,,,,
,,,,,,,
,,,,,,,
,,,,,,,
,,,,,,,
,,,,,,,
,,,,,,,
,,,,,,,
,,,,,,,
,,,,,,,
,,,,,,,
,,,,,,,
,,,,,,,
,,,,,,,
,,,,,,,
,,,,,,,
,,,,,,,
,,,,,,,
,,,,,,,
,,,,,,,
,,,,,,,
,,,,,,,
,,,,,,,
,,,,,,,
,,,,,,,
,,,,,,,
,,,,,,,
,,,,,,,
,,,,,,,
,,,,,,,
,,,,,,,
,,,,,,,
,,,,,,,
,,,,,,,
,,,,,,,
,,,,,,,
,,,,,,,
,,,,,,,
,,,,,,,
,,,,,,,
,,,,,,,
,,,,,,,
,,,,,,,
,,,,,,,
,,,,,,,
,,,,,,,
,,,,,,,
,,,,,,,
,,,,,,,
,,,,,,,
,,,,,,,
,,,,,,,
,,,,,,,
,,,,,,,
,,,,,,,
,,,,,,,
,,,,,,,
,,,,,,,
,,,,,,,
,,,,,,,
,,,,,,,
,,,,,,,
,,,,,,,
,,,,,,,
,,,,,,,
,,,,,,,
,,,,,,,
,,,,,,,
,,,,,,,
,,,,,,,
,,,,,,,
,,,,,,,
,,,,,,,
,,,,,,,
,,,,,,,
,,,,,,,
,,,,,,,
,,,,,,,
,,,,,,,
,,,,,,,
,,,,,,,
,,,,,,,
,,,,,,,
,,,,,,,
,,,,,,,
,,,,,,,
,,,,,,,
,,,,,,,
,,,,,,,
,,,,,,,
,,,,,,,
,,,,,,,
,,,,,,,
,,,,,,,
,,,,,,,
,,,,,,,
,,,,,,,
,,,,,,,
,,,,,,,
,,,,,,,
,,,,,,,
,,,,,,,
,,,,,,,
,,,,,,,
,,,,,,,
,,,,,,,
,,,,,,,
,,,,,,,
,,,,,,,
,,,,,,,
,,,,,,,
,,,,,,,
,,,,,,,
,,,,,,,
,,,,,,,
,,,,,,,
,,,,,,,
,,,,,,,
,,,,,,,
,,,,,,,
,,,,,,,
,,,,,,,
,,,,,,,
,,,,,,,
,,,,,,,
,,,,,,,
,,,,,,,
,,,,,,,
,,,,,,,
,,,,,,,
,,,,,,,
,,,,,,,
,,,,,,,
,,,,,,,
,,,,,,,
,,,,,,,
,,,,,,,
,,,,,,,
,,,,,,,
,,,,,,,
,,,,,,,
,,,,,,,
,,,,,,,
,,,,,,,
,,,,,,,
,,,,,,,
,,,,,,,
,,,,,,,
,,,,,,,
,,,,,,,
,,,,,,,
,,,,,,,
,,,,,,,
,,,,,,,
,,,,,,,
,,,,,,,
,,,,,,,
,,,,,,,
,,,,,,,
,,,,,,,
,,,,,,,
,,,,,,,
,,,,,,,
,,,,,,,
,,,,,,,
,,,,,,,
,,,,,,,
,,,,,,,
,,,,,,,
,,,,,,,
,,,,,,,
,,,,,,,
,,,,,,,
,,,,,,,
,,,,,,,
,,,,,,,
,,,,,,,
,,,,,,,
,,,,,,,
,,,,,,,
,,,,,,,
,,,,,,,
,,,,,,,
,,,,,,,
,,,,,,,
,,,,,,,
,,,,,,,
,,,,,,,
,,,,,,,
,,,,,,,
,,,,,,,
,,,,,,,
,,,,,,,
,,,,,,,
,,,,,,,
,,,,,,,
,,,,,,,
,,,,,,,
,,,,,,,
,,,,,,,
,,,,,,,
,,,,,,,
,,,,,,,
,,,,,,,
,,,,,,,
,,,,,,,
,,,,,,,
,,,,,,,
,,,,,,,
,,,,,,,
,,,,,,,
,,,,,,,
,,,,,,,
,,,,,,,
,,,,,,,
,,,,,,,
,,,,,,,
,,,,,,,
,,,,,,,
,,,,,,,
,,,,,,,
,,,,,,,
,,,,,,,
,,,,,,,
,,,,,,,
,,,,,,,
,,,,,,,
,,,,,,,
,,,,,,,
,,,,,,,
,,,,,,,
,,,,,,,
,,,,,,,
,,,,,,,
,,,,,,,
,,,,,,,
,,,,,,,
,,,,,,,
,,,,,,,
,,,,,,,
,,,,,,,
,,,,,,,
,,,,,,,
,,,,,,,
,,,,,,,
,,,,,,,
,,,,,,,
,,,,,,,
,,,,,,,
,,,,,,,
,,,,,,,
,,,,,,,
,,,,,,,
,,,,,,,
,,,,,,,
,,,,,,,
,,,,,,,
,,,,,,,
,,,,,,,
,,,,,,,
,,,,,,,
,,,,,,,
,,,,,,,
,,,,,,,
,,,,,,,
,,,,,,,
,,,,,,,
,,,,,,,
,,,,,,,
,,,,,,,
,,,,,,,
,,,,,,,
,,,,,,,
,,,,,,,
,,,,,,,
,,,,,,,
,,,,,,,
,,,,,,,
,,,,,,,
,,,,,,,
,,,,,,,
,,,,,,,
,,,,,,,
,,,,,,,
,,,,,,,
,,,,,,,
,,,,,,,
,,,,,,,
,,,,,,,
,,,,,,,
,,,,,,,
,,,,,,,
,,,,,,,
,,,,,,,
,,,,,,,
,,,,,,,
,,,,,,,
,,,,,,,
,,,,,,,
,,,,,,,
,,,,,,,
,,,,,,,
,,,,,,,
,,,,,,,
,,,,,,,
,,,,,,,
,,,,,,,
,,,,,,,
,,,,,,,
,,,,,,,
,,,,,,,
,,,,,,,
,,,,,,,
,,,,,,,
,,,,,,,
,,,,,,,
,,,,,,,
,,,,,,,
,,,,,,,
,,,,,,,
,,,,,,,
,,,,,,,
,,,,,,,
,,,,,,,
,,,,,,,
,,,,,,,
,,,,,,,
,,,,,,,
,,,,,,,
,,,,,,,
,,,,,,,
,,,,,,,
,,,,,,,
,,,,,,,
,,,,,,,
,,,,,,,
,,,,,,,
,,,,,,,
,,,,,,,
,,,,,,,
,,,,,,,
,,,,,,,
,,,,,,,
,,,,,,,
,,,,,,,
,,,,,,,
,,,,,,,
,,,,,,,
,,,,,,,
,,,,,,,
,,,,,,,
,,,,,,,
,,,,,,,
,,,,,,,
,,,,,,,
,,,,,,,
,,,,,,,
,,,,,,,
,,,,,,,
,,,,,,,
,,,,,,,
,,,,,,,
,,,,,,,
,,,,,,,
,,,,,,,
,,,,,,,
,,,,,,,
,,,,,,,
,,,,,,,
,,,,,,,
,,,,,,,
,,,,,,,
,,,,,,,
,,,,,,,
,,,,,,,
,,,,,,,
,,,,,,,
,,,,,,,
,,,,,,,
,,,,,,,
,,,,,,,
,,,,,,,
,,,,,,,
,,,,,,,
,,,,,,,
,,,,,,,
,,,,,,,
,,,,,,,
,,,,,,,
,,,,,,,
,,,,,,,
,,,,,,,
,,,,,,,
,,,,,,,
,,,,,,,
,,,,,,,
,,,,,,,
,,,,,,,
,,,,,,,
,,,,,,,
,,,,,,,
,,,,,,,
,,,,,,,
,,,,,,,
,,,,,,,
,,,,,,,
,,,,,,,
,,,,,,,
,,,,,,,
,,,,,,,
,,,,,,,
,,,,,,,
,,,,,,,
,,,,,,,
,,,,,,,
,,,,,,,
,,,,,,,
,,,,,,,
,,,,,,,
,,,,,,,
,,,,,,,
,,,,,,,
,,,,,,,
,,,,,,,
,,,,,,,
,,,,,,,
,,,,,,,
,,,,,,,
,,,,,,,
,,,,,,,
,,,,,,,
,,,,,,,
,,,,,,,
,,,,,,,
,,,,,,,
,,,,,,,
,,,,,,,
,,,,,,,
,,,,,,,
,,,,,,,
,,,,,,,
,,,,,,,
,,,,,,,
,,,,,,,
,,,,,,,
,,,,,,,
,,,,,,,
,,,,,,,
,,,,,,,
,,,,,,,
,,,,,,,
,,,,,,,
,,,,,,,
,,,,,,,
,,,,,,,
,,,,,,,
,,,,,,,
,,,,,,,
,,,,,,,
,,,,,,,
,,,,,,,
,,,,,,,
,,,,,,,
,,,,,,,
,,,,,,,
,,,,,,,
,,,,,,,
,,,,,,,
,,,,,,,
,,,,,,,
,,,,,,,
,,,,,,,
,,,,,,,
,,,,,,,
,,,,,,,
,,,,,,,
,,,,,,,
,,,,,,,
,,,,,,,
,,,,,,,
,,,,,,,
,,,,,,,
,,,,,,,
,,,,,,,
,,,,,,,
,,,,,,,
,,,,,,,
,,,,,,,
,,,,,,,
,,,,,,,
,,,,,,,
,,,,,,,
,,,,,,,
,,,,,,,
,,,,,,,
,,,,,,,
,,,,,,,
,,,,,,,
,,,,,,,
,,,,,,,
,,,,,,,
,,,,,,,
,,,,,,,
,,,,,,,
,,,,,,,
,,,,,,,
,,,,,,,
,,,,,,,
,,,,,,,
,,,,,,,
,,,,,,,
,,,,,,,
,,,,,,,
,,,,,,,
,,,,,,,
,,,,,,,
,,,,,,,
,,,,,,,
,,,,,,,
,,,,,,,
,,,,,,,
,,,,,,,
,,,,,,,
,,,,,,,
,,,,,,,
,,,,,,,
,,,,,,,
,,,,,,,
,,,,,,,
,,,,,,,
,,,,,,,
,,,,,,,
,,,,,,,
,,,,,,,
,,,,,,,
,,,,,,,
,,,,,,,
,,,,,,,
,,,,,,,
,,,,,,,
,,,,,,,
,,,,,,,
,,,,,,,
,,,,,,,
,,,,,,,
,,,,,,,
,,,,,,,
,,,,,,,
,,,,,,,
,,,,,,,
,,,,,,,
,,,,,,,
,,,,,,,
,,,,,,,
,,,,,,,
,,,,,,,
,,,,,,,
,,,,,,,
,,,,,,,
,,,,,,,
,,,,,,,
,,,,,,,
,,,,,,,
,,,,,,,
,,,,,,,
,,,,,,,
,,,,,,,
,,,,,,,
,,,,,,,
,,,,,,,
